datatime,"Hyperparameter setting(default-max_features=auto, bootstrap = True)",Number of features used,sigma_NMAD_R_Z,sigma_NMAD_E_Z,sigma_NMAD_D_Z,sigma_NMAD_L_Z,sigma_NMAD_R_OH,sigma_NMAD_E_OH,sigma_NMAD_D_OH,sigma_NMAD_L_OH,sigma_NMAD_R_M_T,sigma_NMAD_E_M_T,sigma_NMAD_D_M_T,sigma_NMAD_L_M_T,sigma_NMAD_R_M_f,sigma_NMAD_E_M_f,sigma_NMAD_D_M_f,sigma_NMAD_L_M_f,sigma_NMAD_R_SFR_T,sigma_NMAD_E_SFR_T,sigma_NMAD_D_SFR_T,sigma_NMAD_L_SFR_T,sigma_NMAD_R_SFR_f,sigma_NMAD_E_SFR_f,sigma_NMAD_D_SFR_f,sigma_NMAD_L_SFR_f,catastrophic outlier_R_Z,catastrophic outlier_E_Z,catastrophic outlier_D_Z,catastrophic outlier_L_Z,catastrophic outlier_R_OH,catastrophic outlier_E_OH,catastrophic outlier_D_OH,catastrophic outlier_L_OH,catastrophic outlier_R_M_T,catastrophic outlier_E_M_T,catastrophic outlier_D_M_T,catastrophic outlier_L_M_T,catastrophic outlier_R_M_f,catastrophic outlier_E_M_f,catastrophic outlier_D_M_f,catastrophic outlier_L_M_f,catastrophic outlier_R_SFR_T,catastrophic outlier_E_SFR_T,catastrophic outlier_D_SFR_T,catastrophic outlier_L_SFR_T,catastrophic outlier_R_SFR_f,catastrophic outlier_E_SFR_f,catastrophic outlier_D_SFR_f,catastrophic outlier_L_SFR_f,RandomForest Z RMSE,ExtraTreesRegressor Z RMSE,DecisionTrees Z RMSE,Linear Z RMSE,RandomForest OH RMSE,ExtraTreesRegressor OH RMSE,DecisionTrees OH RMSE,Linear OH RMSE,RandomForest Mass_T RMSE,ExtraTreesRegressor Mass_T RMSE,DecisionTrees Mass_T RMSE,Linear Mass_T RMSE,RandomForest Mass_f RMSE,ExtraTreesRegressor Mass_f RMSE,DecisionTrees Mass_f RMSE,Linear Mass_f RMSE,RandomForest SFR_T RMSE,ExtraTreesRegressor SFR_T RMSE,DecisionTrees SFR_T RMSE,Linear SFR_T RMSE,RandomForest SFR_f RMSE,ExtraTreesRegressor SFR_f RMSE,DecisionTrees SFR_f RMSE,Linear SFR_f RMSE,RandomForest Z PCC,ExtraTreesRegressor Z PCC,DecisionTrees Z PCC,Linear Z PCC,RandomForest OH PCC,ExtraTreesRegressor OH PCC,DecisionTrees OH PCC,Linear OH PCC,RandomForest Mass_T PCC,ExtraTreesRegressor Mass_T PCC,DecisionTrees Mass_T PCC,Linear Mass_T PCC,RandomForest Mass_f PCC,ExtraTreesRegressor Mass_f PCC,DecisionTrees Mass_f PCC,Linear Mass_f PCC,RandomForest SFR_T PCC,ExtraTreesRegressor SFR_T PCC,DecisionTrees SFR_T PCC,Linear SFR_T PCC,RandomForest SFR_f PCC,ExtraTreesRegressor SFR_f PCC,DecisionTrees SFR_f PCC,Linear SFR_f PCC,RandomForest Z score,ExtraTreesRegressor Z score,DecisionTrees Z score,Linear Z score,RandomForest OH score,ExtraTreesRegressor OH score,DecisionTrees OH score,Linear OH score,RandomForest Mass_T score,ExtraTreesRegressor Mass_T score,DecisionTrees Mass_T score,Linear Mass_T score,RandomForest Mass_f score,ExtraTreesRegressor Mass_f score,DecisionTrees Mass_f score,Linear Mass_f score,RandomForest SFR_T score,ExtraTreesRegressor SFR_T score,DecisionTrees SFR_T score,Linear SFR_T score,RandomForest SFR_f score,ExtraTreesRegressor SFR_f score,DecisionTrees SFR_f score,Linear SFR_f score,<input-predict> Z RF,<input-predict> Z ETR,<input-predict> Z DTR,<input-predict> Z LR,<input-predict> OH RF,<input-predict> OH ETR,<input-predict> OH DTR,<input-predict> OH LR,<input-predict> Mass_T RF,<input-predict> Mass_T ETR,<input-predict> Mass_T DTR,<input-predict> Mass_T LR,<input-predict> Mass_f RF,<input-predict> Mass_f ETR,<input-predict> Mass_f DTR,<input-predict> Mass_f LR,<input-predict> SFR_T RF,<input-predict> SFR_T ETR,<input-predict> SFR_T DTR,<input-predict> SFR_T LR,<input-predict> SFR_f RF,<input-predict> SFR_f ETR,<input-predict> SFR_f DTR,<input-predict> SFR_f LR,scatter Z RF,scatter Z ETR,scatter Z DR,scatter Z LR,scatter OH RF,scatter OH ETR,scatter OH DR,scatter OH LR,scatter Mass_T RF,scatter Mass_T ETR,scatter Mass_T DR,scatter Mass_T LR,scatter Mass_f RF,scatter Mass_f ETR,scatter Mass_f DR,scatter Mass_f LR,scatter SFR_T RF,scatter SFR_T ETR,scatter SFR_T DR,scatter SFR_T LR,scatter SFR_f RF,scatter SFR_f ETR,scatter SFR_f DR,scatter SFR_f LR,outlier fraction(3sigma)(%) Z RF,outlier fraction(3sigma)(%) Z ETR,outlier fraction(3sigma)(%) Z DTR,outlier fraction(3sigma)(%) Z LR,outlier fraction(3sigma)(%) OH RF,outlier fraction(3sigma)(%) OH ETR,outlier fraction(3sigma)(%) OH DTR,outlier fraction(3sigma)(%) OH LR,outlier fraction(3sigma)(%) Mass_T RF,outlier fraction(3sigma)(%) Mass_T ETR,outlier fraction(3sigma)(%) Mass_T DTR,outlier fraction(3sigma)(%) Mass_T LR,outlier fraction(3sigma)(%) Mass_f RF,outlier fraction(3sigma)(%) Mass_f ETR,outlier fraction(3sigma)(%) Mass_f DTR,outlier fraction(3sigma)(%) Mass_f LR,outlier fraction(3sigma)(%) SFR_T RF,outlier fraction(3sigma)(%) SFR_T ETR,outlier fraction(3sigma)(%) SFR_T DTR,outlier fraction(3sigma)(%) SFR_T LR,outlier fraction(3sigma)(%) SFR_f RF,outlier fraction(3sigma)(%) SFR_f ETR,outlier fraction(3sigma)(%) SFR_f DTR,outlier fraction(3sigma)(%) SFR_f LR,note
2023-10-16 11:19:46.050368,"RandomForestRegressor(max_depth=60, max_features=None, min_samples_leaf=2,
                      min_samples_split=3, n_estimators=750)","['fiberMag_u', 'fiberMag_g', 'fiberMag_r', 'fiberMag_i', 'fiberMag_z']",0.022161750767217794,0.022772549372865564,0.029962410712360114,0.02943618104657895,0.09720691503685948,0.0967857598697293,0.1358714000000012,0.12601449769601986,0.26691196791779925,0.2713432491625614,0.367766680000002,0.30475477156396313,0.26124271889139783,0.2633609950229308,0.3646942000000011,0.3265762307272932,0.36619119267542716,0.3677406881711216,0.5138341404,0.4062629705326987,0.389208049971233,0.3865810992243294,0.5659521035999998,0.4676027723748733,0.1894558045338734,0.13719213431763244,0.3005161037433854,0.2547853923041746,0.32011498007447575,0.333180897628536,0.20905468086496373,0.2351865159730842,0.4377082380610178,0.39197752662180707,0.5683674136016201,0.56183445482459,0.5357026197164696,0.4703730319461684,0.45730711439210825,0.6010322074867708,0.4246423205069576,0.4246423205069576,0.6532958777030117,0.6598288364800418,0.3985104853988371,0.38544456784477693,0.6140981250408309,0.6924936303651924,0.029507982932951194,0.029568716742261955,0.042154757408916596,0.041765958039191704,0.11955888381631771,0.11947362989284785,0.16862731306949266,0.14305020089922296,0.3235407112700471,0.32324343734137856,0.4574548571348565,0.3837193611212292,0.3169081634731803,0.3163931991889475,0.456097398189234,0.40399775616947664,0.44977941020942713,0.44915609614873564,0.6398780489205128,0.5288008410955256,0.48040884865719785,0.4789794961865633,0.6948879976656153,0.6296331758122911,0.8713576984388498,0.8714829573391607,0.7540515596718143,0.7218310487475152,0.8424628101098239,0.8426928564439311,0.7088742307221985,0.7642262847479562,0.8409463670721041,0.8414650147663861,0.7055440768543516,0.7667974455215083,0.8748769788466065,0.8756847131218303,0.7546335146310642,0.7857902376893507,0.7092093174879174,0.7108950476795097,0.5047272653358211,0.5619739511346633,0.792738311552229,0.795201573071001,0.6171639771491174,0.6052349365944124,0.7585343260075712,0.7575393259604868,0.5072013118025431,0.516249697076079,0.7094052123240427,0.7098194937570923,0.42193063236555484,0.5839925956085392,0.7069646643615496,0.707502907263602,0.4141875363633686,0.5878175024168266,0.7645068516815334,0.7652715655286233,0.5122170541796827,0.6172904244634503,0.5029338054947055,0.5043105411018933,-0.006026707534780629,0.3129325708837851,0.6278289251951796,0.6300402594595471,0.22133573996195066,0.3607130678622261,0.00048424499947348894,0.00047108428208621667,0.00044218095969164443,0.00032489329602912237,-0.0005950923089153401,-9.959880947502984e-05,-0.0015614587574312427,0.0007137270876786925,0.001404108274850824,0.0028415309676287155,0.004087995720912003,0.004574840755391841,0.004155462772709204,0.005619781656083258,0.005730295492258452,0.0066244656759590495,-8.937958199933261e-05,0.00026227168927827634,-4.522688462794767e-05,-0.0004426720179784872,0.003644284299573749,0.004815718851311235,0.0019137095195008815,0.003853163098188098,0.000870486563551824,0.0008740870893832939,0.001776828048203495,0.0017442896952777176,0.014293972564547628,0.014273938319850337,0.02843273255958553,0.020462850570952363,0.10467662032908048,0.10447824548602971,0.20924823460725778,0.1472196189313471,0.10041351620508858,0.10007307454715494,0.2079920003485601,0.16317030344447994,0.20230150985963047,0.20174112992113324,0.40944391544485115,0.2796301335848198,0.2307793810600783,0.22939816661907914,0.48286566701560313,0.39642308921761016,1.1628666623113608,1.1889984974194812,1.286992879074933,0.7251584242503429,1.3653883843992944,1.3849872607303848,1.2281962500816619,1.3261906317371137,1.1040700333180897,1.1302018684262103,1.234729208858692,1.169399621088391,1.4307179721695955,1.345789508068204,1.3196576729600835,1.2739269615208728,0.9864767753315475,0.9930097341085778,1.0648722806559092,1.1498007447573007,1.0322074867707585,0.9864767753315475,1.0322074867707585,0.0,ugriz
2023-10-16 11:24:12.871741,"RandomForestRegressor(max_depth=60, max_features=None, min_samples_leaf=2,
                      min_samples_split=3, n_estimators=750)","['fiberMag_u', 'fiberMag_g', 'fiberMag_r', 'fiberMag_i', 'fiberMag_z']",0.022541582034201656,0.022850623939503344,0.030711613735082147,0.03002013122992912,0.09901656628397652,0.09879681341024288,0.138011479999998,0.12747498248412298,0.27432271271792436,0.2786640342949323,0.37585044000000145,0.3067828859139774,0.262274184955787,0.26424324249152087,0.36248308000000223,0.32268725262015735,0.3715121832794807,0.37422628981457484,0.5164644777999999,0.41620781254701206,0.39625750489226513,0.3957228719137592,0.5680516463999999,0.4776669159906967,0.21558763964199387,0.18292284575684328,0.29398314496635525,0.20252172208793362,0.30704906252041547,0.26131835108120466,0.20252172208793362,0.1894558045338734,0.3985104853988371,0.3593127327366564,0.3789116090677468,0.5487685372705298,0.47690599072319856,0.45077415561507805,0.4703730319461684,0.6467629189259816,0.3462468151825962,0.32664793885150584,0.6140981250408309,0.5487685372705298,0.3005161037433854,0.32664793885150584,0.56183445482459,0.5944992487097406,0.03015113283742269,0.030187379959538956,0.043141524805185655,0.04122593575691376,0.12168502929090248,0.12139632727095552,0.17098902634631047,0.14289301115192105,0.32683286548815305,0.3264981131309444,0.45138934552111915,0.39180220276531164,0.3198412412343196,0.31937826493191707,0.45278454661490164,0.41743661493878415,0.4434346011339289,0.4431500654780675,0.6296914395570643,0.5222986453778643,0.47719170072896905,0.47479933943542696,0.6868074343723948,0.6186461821538358,0.868960370381954,0.8692880161526306,0.7478331878091514,0.7356886182849807,0.8313235315056617,0.8321914257109395,0.6968458668613929,0.7578841456686591,0.8350230160851901,0.8354706901214185,0.7098586853386775,0.7522104963808565,0.8686688701796041,0.8693180668217467,0.7546330491553893,0.7640525960478155,0.7090004237811373,0.7096944428317905,0.5108653681676348,0.5598574983175963,0.7936909994410994,0.7969381518557352,0.62296365374261,0.6160761781611108,0.754420328385982,0.7538295109838166,0.4972221600085097,0.5408800225096251,0.6910656495001855,0.6925298257980399,0.39000204784040593,0.5739958061509199,0.697176932973884,0.6977969368515675,0.4223827982595757,0.5648176659369337,0.7543262369401977,0.7550369571009332,0.5076510161081733,0.581523635845862,0.5026276683665856,0.5032657546056302,-0.0029471408589414327,0.30998224618781867,0.6296041803404621,0.6333087685573587,0.23272634264577818,0.3774632600986193,2.7877554301388695e-05,5.4034624522711694e-05,-0.00011104429065133591,-1.7841501833086765e-05,-0.0007136201324489036,-4.1275088367295185e-05,-0.0017356925981577016,-0.00015085960466110953,-0.00397245052617937,-0.0018420071761115512,-0.00678666137061475,-0.0025531348409831445,-0.00023283459447713642,0.00212528027950888,-0.0006297192264976818,0.000183308426218078,-0.0014550160775496405,-0.0005473913408634176,-0.0017130829288560794,-0.0025067681367554754,-0.0014758953711670679,0.0009672551203144022,0.0007443585809106958,-0.0013668474812735217,0.000909090034221875,0.0009112749890809269,0.0018611788316819627,0.0016995774607139933,0.014806737099834358,0.014737066571244017,0.02923423450206396,0.020418389877442714,0.1068039416000142,0.1065976248876301,0.20370628247742495,0.15350244759423412,0.10229836538236185,0.10199795929465534,0.20501344910695782,0.17425329388957164,0.1966321284110207,0.19638168089593547,0.39650837439832687,0.2727895910770606,0.22770974097745933,0.22543347714585002,0.4717038978394943,0.38272123042148,1.169399621088391,1.1889984974194812,1.2151303325276017,0.9407460638923368,1.3261906317371137,1.345789508068204,1.1889984974194812,1.3653883843992944,1.1367348272032403,1.11060299209512,1.12366890964918,1.11713595087215,1.3131247141830535,1.2477951264127523,1.398053178284445,1.12366890964918,0.9342131051153068,0.9603449402234272,1.0583393218788788,1.0648722806559092,0.8623505585679755,0.8231528059057948,1.1040700333180897,0.0,ugriz
2023-10-16 11:36:59.749031,"RandomForestRegressor(max_depth=60, max_features=None, min_samples_leaf=2,
                      min_samples_split=3, n_estimators=750)","['fiberMag_u', 'fiberMag_g', 'fiberMag_r', 'fiberMag_i', 'fiberMag_z', 'yAperMag3', 'j_1AperMag3', 'hAperMag3', 'kAperMag3']",0.019124043489687534,0.019010644119757666,0.027082555219877912,0.022132247067219616,0.10289553999099801,0.10197372026975607,0.14225759999999865,0.12527571794756248,0.25541540922498557,0.25665385853110434,0.36340956000000024,0.2803244418669613,0.2353865302477781,0.2349775166862215,0.32598332000000063,0.2896879202542058,0.32164162619157494,0.3241545794994667,0.4564729368,0.36071057134201706,0.31872128118009807,0.31779060797779113,0.4690870952,0.3582250039517044,0.3789116090677468,0.35277977395962634,0.47690599072319856,0.3985104853988371,0.16985692820278303,0.20905468086496373,0.13065917554060233,0.16985692820278303,0.26131835108120466,0.2547853923041746,0.32011498007447575,0.4246423205069576,0.3005161037433854,0.30704906252041547,0.37237865029071665,0.4115764029528974,0.3985104853988371,0.38544456784477693,0.5944992487097406,0.48343894950022864,0.3985104853988371,0.33971385640556606,0.503037825831319,0.5161037433853792,0.02662371682092732,0.026581698745869724,0.03901894735328208,0.031699727631914705,0.12185298924802161,0.1217022488435005,0.17351323613402528,0.1398753641198919,0.3024373178206244,0.30276197629475454,0.4330348007897705,0.3401424168847527,0.28046676124719433,0.28042871220978094,0.40131833783835535,0.3336720979034432,0.40278488117451794,0.40317659676713574,0.5801289758449936,0.4426303421981127,0.39750829658902304,0.396280808511966,0.5751985079969973,0.4481332848149643,0.8998274933963558,0.9005795716736571,0.7938604321812128,0.8533031344564885,0.8341394048757955,0.834636995282551,0.6927509516944284,0.7737314996482192,0.8610509397063033,0.8609333673327906,0.734171617489557,0.8195749905636929,0.9023484725087693,0.9024954956600233,0.8085176326561505,0.8580518178853872,0.7734662774285881,0.7736093485655304,0.5912675996783983,0.7171497067904936,0.8656803164830364,0.8670503339125266,0.7384201191423487,0.8249033699544738,0.8082172732812054,0.8088221461578073,0.5880701951211338,0.7281162947979016,0.6954117652248841,0.6961648916732921,0.38240187578601537,0.5986500539170323,0.740420587840776,0.7398629854272667,0.4678364943706764,0.6716620551931684,0.8136328524619054,0.8136834153844956,0.6184209091121076,0.736217279444879,0.5978065889313067,0.5970239277857521,0.16567021882194888,0.5142967684224837,0.7485199432502501,0.7500706639032343,0.4734414651925898,0.6803861733195249,-3.6801703361724226e-05,-0.000248251612176112,-9.947480499118062e-05,-0.00013162608275643902,-0.0013023463542933913,-0.0012888729272954977,-0.0020021732214019704,-0.0003243577668706872,0.00045521340965000423,-0.0008183211883055183,-0.00047471957274450565,0.001265770284617807,-0.0017287990638914308,-0.003254174496227646,-0.0027350903573528504,-0.0014255930347330248,0.0012045035788789131,-0.0006452804891647373,0.0025537749622394994,-0.0001514738054333034,-0.0017672556200138223,-0.0020295789381652024,-0.001778131293852484,-0.0009164608967211575,0.0007088209429955581,0.0007065250793532241,0.0015224683573213708,0.0010048554065119149,0.014846454882651933,0.014809776180142606,0.030102834416093512,0.019565012279711413,0.09146812399128502,0.09166414464033829,0.18751891333636345,0.1156952615897875,0.07865861541828738,0.07862967297998423,0.16104892756607744,0.11133503660378431,0.162234209673899,0.1625509517938199,0.3365431068484034,0.19592159689010463,0.15800972266468025,0.1570343600042312,0.33085016185107363,0.20082260105847471,1.456849807277716,1.398053178284445,1.4699157248317762,1.2085973737505715,1.2085973737505715,1.2281962500816619,1.1040700333180897,1.1955314561965114,0.9799438165545176,0.9734108577774875,1.0518063631018488,1.1628666623113608,1.1628666623113608,1.2151303325276017,1.2673940027438426,1.3392565492911739,0.8492846410139152,0.8884823936760958,1.1040700333180897,1.0583393218788788,0.8296857646828248,0.8296857646828248,1.006075651662638,0.0,ugriz+IR
2023-10-16 11:42:34.676876,"RandomForestRegressor(max_depth=60, max_features=None, min_samples_leaf=2,
                      min_samples_split=3, n_estimators=750)","['fiberMag_u', 'fiberMag_g', 'fiberMag_r', 'fiberMag_i', 'fiberMag_z', 'yAperMag3', 'j_1AperMag3', 'hAperMag3', 'kAperMag3']",0.01921590543666861,0.01922872224773284,0.026740404401748206,0.022148796272290574,0.10338126077828227,0.10326590254711746,0.13878255999999928,0.12713532676317335,0.25942746553123086,0.2615129195279953,0.35858179999999845,0.27864182969875395,0.23751218721348138,0.2391307186355389,0.3243849200000007,0.28631265338764444,0.3227271302100724,0.3254140717408754,0.45430341960000004,0.3645830967083857,0.3186520222167147,0.31691922374292325,0.46124540399999997,0.35999403158040566,0.39197752662180707,0.39197752662180707,0.4703730319461684,0.4442411968380479,0.14372509309466258,0.16332396942575292,0.16985692820278303,0.09146142287842164,0.38544456784477693,0.37237865029071665,0.3593127327366564,0.6075651662638009,0.45077415561507805,0.4246423205069576,0.5095707846083491,0.503037825831319,0.4246423205069576,0.41810936172992746,0.6924936303651924,0.5095707846083491,0.41810936172992746,0.39197752662180707,0.7251584242503429,0.5944992487097406,0.026932837860832195,0.02689489028547377,0.03872114931908636,0.03209263043936889,0.12259119277493154,0.12214703355028064,0.17140403051845254,0.13999262542502133,0.31508942324492883,0.3152442090631772,0.4391291664763436,0.3506870817978363,0.28718806859686336,0.28736117019369084,0.40637275170212334,0.3397029506960366,0.4124172608538415,0.4130057950251939,0.5947557455811718,0.45056200283053705,0.40704155776149553,0.40634382203669894,0.5971323170734318,0.461029471454006,0.8969997918631709,0.8977229700153582,0.7972591091189651,0.8491043012349355,0.830242693192524,0.8316555432393499,0.6960489789383895,0.7711912155553262,0.8463444519663712,0.8462514445014213,0.726771193777675,0.8054993692624319,0.8965296509458992,0.8964760256584943,0.8042437362283242,0.8516622733958473,0.7643930548218724,0.7641171750302082,0.5758154872958184,0.7097167812081293,0.8597568032464747,0.860674711399313,0.7223724737764494,0.8153205145119916,0.8034472893363112,0.8040007731017319,0.5937332466887275,0.7209221076176475,0.6891502635021898,0.6913986577053299,0.39232128825734813,0.5946387046544443,0.7162684446998164,0.7159896133278614,0.4489074309367349,0.6485370706260857,0.8036291578487895,0.8033923628396928,0.6068182274266639,0.7252467392948208,0.5840325398457102,0.5828444918913951,0.13490662950753374,0.5035279330175542,0.7385943977984704,0.7394898135071506,0.43742744752873686,0.6646527380718998,1.674303545085015e-05,-0.00015364432063356474,-0.0003046159422486443,0.00010220975364762851,0.00020636279186226874,-2.6039056167456956e-07,0.0007465278761350975,0.0012631056676392677,7.112908838025245e-05,-0.0006570428658823788,-0.0012230798327562437,0.0003772733264662373,-0.0018169749348237866,-0.0028706893065343795,-0.00255582615796694,-0.001289070394555828,0.00017141186117003985,-0.0008769055178169135,-0.002243420724962435,0.0007946543524416765,0.0004875130250670258,0.0002987613274946171,-0.0013807845696086772,0.0017504438840057488,0.00072537747490864,0.0007233115168904085,0.0014992346137187096,0.0010299264816841657,0.015028557960378561,0.014919897805065582,0.029378784374100766,0.01959633973746271,0.09928133958147468,0.09937847964254055,0.19283292892593099,0.12298128700471944,0.08247368534648292,0.0825682012779927,0.1651322810786058,0.11539643300911177,0.1700879676681594,0.1705730177611053,0.35372936396526644,0.20300548691912498,0.1656825920759553,0.16511521244906166,0.3565650975274579,0.21254510949536906,1.3653883843992944,1.3653883843992944,1.4699157248317762,1.3196576729600835,1.280459920297903,1.280459920297903,1.0975370745410595,1.2281962500816619,1.0387404455477887,1.0322074867707585,1.1302018684262103,1.2739269615208728,1.2085973737505715,1.175932579865421,1.221663291304632,1.4241850133925655,0.9080812700071862,0.9276801463382766,1.0452734043248186,1.12366890964918,0.777422094466584,0.7970209707976742,1.0844711569869996,0.0,ugriz+IR
2023-10-16 12:00:42.239038,"RandomForestRegressor(max_depth=60, max_features=None, min_samples_leaf=2,
                      min_samples_split=3, n_estimators=750)","['m400', 'm425', 'm450', 'm475', 'm500', 'm525', 'm550', 'm575', 'm600', 'm625', 'm650', 'm675', 'm700', 'm725', 'm750', 'm775', 'm800', 'm825', 'm850', 'm875']",0.007042908616983658,0.006712796708528653,0.010151130593153222,0.0239009426866136,0.09476956153651649,0.09503264967112628,0.13183913999999952,0.12375736494082254,0.18146761390824487,0.1811248224311113,0.2691365200000022,0.2354468051884801,0.11423818711285555,0.11030162838756183,0.18107059999999892,0.2133310690235659,0.2656716049812049,0.2665255315896667,0.3854868679999998,0.364863846714642,0.2374085948208535,0.23791121809591034,0.3553027119999998,0.4293923549877462,3.651923956359835,3.397138564055661,4.644933690468413,0.41810936172992746,0.32664793885150584,0.35277977395962634,0.41810936172992746,0.16332396942575292,0.8362187234598549,0.7447573005814333,1.0256745279937283,0.7839550532436141,2.24080486052133,2.280002613183511,2.626249428366107,1.1955314561965114,0.7447573005814333,0.6271640425948912,1.0714052394329392,0.4965048670542889,1.0256745279937283,0.9276801463382766,1.6659044881426797,0.5226367021624093,0.02000182326150948,0.018727264479474263,0.032492137770850804,0.031743901258820345,0.11659295758859232,0.11646402405969959,0.16872134242112843,0.14251055169364715,0.25090274264449053,0.24881089530812886,0.38040178455499885,0.31723648447406316,0.2084190788434558,0.2026184061372461,0.32439574800130133,0.31073053439805964,0.3728266765383464,0.3697542139394073,0.567695476467693,0.4698002477539716,0.35912230017610003,0.3545786058807389,0.5566236640454862,0.5436376414940228,0.9464879310598227,0.9545381769742227,0.8546630893002346,0.8513821456564242,0.8515654368123131,0.8518876464778106,0.7117126832374429,0.7665687933334316,0.907080697501007,0.908989185778466,0.7944060069533282,0.8448477954254329,0.9486508968237464,0.9520664448209599,0.8749835911651562,0.8784916170670378,0.810824793797466,0.8152438166506187,0.6176550670070748,0.6735351597063954,0.8929935802180307,0.8971060198314807,0.7554934949944672,0.7258648039949238,0.8906634290180933,0.9041537851734586,0.7114753980733749,0.7246108170103203,0.7239305559254307,0.724540797356001,0.4218856536208838,0.5875533835184655,0.8209045096843367,0.8238784005130686,0.5883208006022338,0.7136876444621616,0.89723073082352,0.902871627116059,0.7510348092659239,0.7715683967729847,0.6556879205028538,0.6613394848173477,0.20169441486513895,0.45328022427858194,0.7933858369621034,0.7985810180725949,0.5036378331466034,0.5265279143166801,0.00044936753290966214,0.000593160567607511,0.0008848092749069054,2.4814090258714175e-05,-0.0006898033151180653,-0.00042690652521739123,-0.001005644835696081,0.0007633180286502715,-0.0006914837593038096,0.0006897273316334139,0.0038294656562357183,0.0029066443978754417,0.003946605908815774,0.00506650091939638,0.005850231253674778,0.0038940718249061094,0.007214092156579925,0.006274699272450808,0.01623438992585092,-0.0035451181384714542,0.012225125135305532,0.012401467764067604,0.016185123672372115,-0.002230738826235316,0.00039987100260502844,0.0003503585954252138,0.0010549561294669885,0.0010076746513906607,0.01359344193064174,0.013563686650997015,0.028465880066852113,0.02030867468961482,0.06295170811673806,0.061906385900240675,0.14469085288541547,0.10063053849980681,0.04342293672775514,0.04102854907403177,0.1051983761156023,0.09653830121192622,0.13894768761298512,0.1366788068749893,0.32201459858561643,0.2206997049270774,0.12881937279919903,0.12557219134562514,0.3095679451471324,0.2955369090534728,1.8880250865617039,1.718168158358921,2.7046449336904685,1.11713595087215,1.3849872607303848,1.4111190958385054,1.2935258378519632,1.169399621088391,1.509113477493957,1.4372509309466257,1.5287123538250473,1.3523224668452343,1.9337557980009146,1.835761416345463,2.286535571960541,1.5744430652642583,1.1955314561965114,1.1824655386424512,1.4895146011628666,1.1628666623113608,1.3131247141830535,1.234729208858692,1.9141569216698244,0.0,7DS
2023-10-16 12:09:56.598477,"RandomForestRegressor(max_depth=60, max_features=None, min_samples_leaf=2,
                      min_samples_split=3, n_estimators=750)","['m400', 'm425', 'm450', 'm475', 'm500', 'm525', 'm550', 'm575', 'm600', 'm625', 'm650', 'm675', 'm700', 'm725', 'm750', 'm775', 'm800', 'm825', 'm850', 'm875']",0.006955630180755321,0.006678126199400013,0.0103589475609002,0.023921907114395027,0.09587389339965029,0.09554784490665888,0.13298540000000003,0.12558760059700633,0.18164720521852423,0.1834473048666731,0.26736495999999776,0.23717105662861043,0.11557337002998758,0.11075630352887565,0.1803601999999995,0.20900388122014732,0.2707617106725699,0.2725792827250578,0.378858244,0.3652124231551012,0.242764748832796,0.24372322245775999,0.35746691599999986,0.427863592072315,3.94590710132619,3.795649049454498,4.775592866009015,0.36584569151368657,0.28745018618932516,0.26131835108120466,0.280917227412295,0.1502580518716927,0.9603449402234272,0.8558175997909453,1.2543280851897824,0.6336970013719213,2.580518716926896,2.560919840595806,2.750375645129679,1.1824655386424512,0.9472790226693669,0.7970209707976742,1.221663291304632,0.5749003723786503,1.1432677859802705,1.0387404455477887,1.8488273338995231,0.5095707846083491,0.02069431105556402,0.019496972213637696,0.032334255384977424,0.030891013193899097,0.11670055095486259,0.11646658101572138,0.16750970511749624,0.14139639714784494,0.2579149278978193,0.2564940638686399,0.3885960097430692,0.31385024748880175,0.22059258952961247,0.2150613870426508,0.3412870222433352,0.3047159479698029,0.3896547871036957,0.38656615903355807,0.5765708401901302,0.4726733569765488,0.37667418478994463,0.37069878800916645,0.5805726192793031,0.5420038383751433,0.9426740368669013,0.9504511169231066,0.8568552220677798,0.860901197070794,0.8489017105073956,0.8495017945396429,0.7114352632127602,0.7672086829834593,0.900643874102015,0.9019139947403212,0.7846341342262706,0.8475170496507953,0.9414328860258677,0.9447055855405374,0.861258245442567,0.8827368248662392,0.7970388322921875,0.8016205827202137,0.6065520070096199,0.678214732425029,0.8835305014706097,0.8887374844450073,0.7370374207584077,0.7329683437198293,0.8838009638978026,0.8968581479082344,0.7163215740382691,0.741080424648803,0.719748587435971,0.7208711986866287,0.4225931315265202,0.5885863615171838,0.8097499339720804,0.8118403509709536,0.5681145920973651,0.7182805653742144,0.8842745823137446,0.8900052887173424,0.722995727628541,0.7791805680741442,0.6328209130948621,0.6386187884864772,0.19606070998839964,0.4596935503427366,0.7763530236837004,0.7833924206081864,0.4686943714039936,0.5369413074896683,0.00045204631561300296,0.0005736243137690177,0.00024755717247011173,-0.00030164577195747956,-0.00077884054457654,-0.0006347351578508949,-0.0009886689553798892,-0.0010488368579824607,0.0014851947727119357,0.0027603505985846315,-0.0003599304435879058,-0.0011412391083614767,0.0022474149075895782,0.0031724533084599793,0.000360272339452543,-0.004178117704980496,0.007357984276879029,0.007012881724300101,0.007585051870386096,-0.00485429263323197,0.01404363560864379,0.014212191301745407,0.012139058527732413,-0.003497579337889348,0.00042805016419297993,0.0003798028806460134,0.0010454427867472996,0.0009541637059739084,0.013618412000574604,0.013564061604770979,0.028058523842247215,0.019991841067636427,0.06651790422902441,0.0657815852644228,0.15100672923831127,0.09850067542207964,0.048656039681613236,0.04624133573671448,0.11647670175556421,0.09283435227957897,0.15177671318020766,0.14938421479987907,0.33237640074567615,0.22339653823851083,0.141686217786061,0.13721560504986752,0.336917209514891,0.2937559277521637,2.0448160972104263,1.9990853857712159,2.861435944339191,1.175932579865421,1.1955314561965114,1.2477951264127523,1.3523224668452343,1.0583393218788788,1.502580518716927,1.4241850133925655,1.7769647873521917,1.3000587966289934,2.0056183445482456,1.9337557980009146,2.175475272751029,1.5940419415953484,1.3261906317371137,1.2608610439668126,1.5156464362709872,1.2281962500816619,1.332723590514144,1.280459920297903,1.9206898804468544,0.0,7DS
2023-10-16 12:21:24.825163,"RandomForestRegressor(max_depth=60, max_features=None, min_samples_leaf=2,
                      min_samples_split=3, n_estimators=750)","['fiberMag_u', 'fiberMag_g', 'fiberMag_r', 'fiberMag_i', 'fiberMag_z', 'm400', 'm425', 'm450', 'm475', 'm500', 'm525', 'm550', 'm575', 'm600', 'm625', 'm650', 'm675', 'm700', 'm725', 'm750', 'm775', 'm800', 'm825', 'm850', 'm875']",0.007499582479556131,0.007169609869581374,0.010737719247696125,0.020279075033492668,0.09445125087308234,0.09380476027110199,0.134139800000001,0.11851745101578032,0.18062833867187797,0.1797283565911121,0.2677060999999988,0.22108218602839777,0.11262159321470384,0.10936909558221075,0.17923540000000002,0.1851341440814624,0.26371753601906917,0.26136714783639003,0.3768799279999999,0.34063662800029937,0.2392130437411408,0.2361013142052619,0.3683163076,0.3673183394472251,3.651923956359835,3.2534134709609983,4.573071143921082,0.6206310838178611,0.3462468151825962,0.37237865029071665,0.30704906252041547,0.2743842686352649,0.9146142287842165,0.8296857646828248,0.9538119814463971,0.8166198471287646,2.449859541386294,2.3714640360619326,2.6327823871431373,1.5221793950480174,0.7512902593584635,0.672894754034102,1.1628666623113608,0.666361795257072,0.9407460638923368,0.9146142287842165,1.4895146011628666,0.8558175997909453,0.020473298636909207,0.018964703058557013,0.030923198342324272,0.028999166640314503,0.11714073595125375,0.11657620542170964,0.16717419617248894,0.13697373990084288,0.2567315993253812,0.255649345201408,0.3778841204474049,0.3067768200492773,0.21685908100787016,0.21164551454652095,0.3281498848815081,0.29193814949542013,0.3724654034010379,0.3692366223962343,0.5638331116874784,0.4543259807593276,0.3650501269025306,0.35889246274749903,0.5673240774003835,0.5182263948758095,0.9448569324996958,0.9542209263281437,0.8700112688504977,0.8802707366452355,0.8482237062360399,0.8497504689884865,0.7116652699751593,0.7842283717927672,0.9038637495795169,0.9049245728513998,0.7960608513387815,0.8577127816049914,0.9446436062358611,0.9478623882938708,0.8714650233700072,0.8943300269994692,0.8154721897684474,0.8206173743578584,0.6234335195479072,0.7049146498120319,0.8905167938830212,0.8960027617334427,0.7475991249466744,0.7578001166013413,0.8877709559187054,0.9037010137651765,0.7439655331575713,0.7748351180945959,0.71834787310298,0.7210560358903391,0.4263650206717805,0.6149015537833623,0.814831628639665,0.8163894956242387,0.5988327801811981,0.7356050005750575,0.8895024771666468,0.894751611825367,0.7469875870674553,0.7997470061594865,0.6618310629920794,0.6676686032472159,0.22506908481425436,0.49685057672267197,0.7886067918535843,0.795678203958228,0.4894380408729233,0.5739848139119865,0.0005487098787273287,0.0005904591166869219,0.00040980519461684197,0.00034378850015351564,-0.000795961300298313,-5.251491667360192e-05,-0.0014620559939896778,0.001540056791480186,0.00043689220428130414,0.0023283018946255243,-0.0018578662246031131,0.004183885913661089,0.0008995158142622657,0.0025064214915332633,-0.000868276879858893,0.004055441882023407,0.003192643992099724,0.0026753389491904075,0.00034696757888547786,0.00027788813392449346,0.0062587253720084455,0.007108437276336237,0.0021313431942901946,0.0015698433293526597,0.0004188548745450554,0.000359311320130763,0.0009560762554211917,0.0008408334752998916,0.013721318464809782,0.013590008912708172,0.02794507425818825,0.01875943364750278,0.06591092321736992,0.06535116671219615,0.14279295681940027,0.09409451241820813,0.04702705188687789,0.04478754167896839,0.10768159304300691,0.0852114365219518,0.1387202837550376,0.13632852588008623,0.31790765744868366,0.2064120195711099,0.1332224235082715,0.1287532699364534,0.3218520661743844,0.2685561319378997,2.070947932318547,1.9141569216698244,2.737309727575619,1.2412621676357223,1.3261906317371137,1.3653883843992944,1.3849872607303848,1.280459920297903,1.391520219507415,1.3261906317371137,1.5613771477101979,1.332723590514144,1.8030966224603122,1.7573659110211015,2.22773894296727,1.7377670346900111,1.1824655386424512,1.0583393218788788,1.509113477493957,1.2020644149735416,1.2412621676357223,1.1889984974194812,1.718168158358921,0.0,7DS+ugriz
2023-10-16 12:34:25.441185,"RandomForestRegressor(max_depth=60, max_features=None, min_samples_leaf=2,
                      min_samples_split=3, n_estimators=750)","['fiberMag_u', 'fiberMag_g', 'fiberMag_r', 'fiberMag_i', 'fiberMag_z', 'm400', 'm425', 'm450', 'm475', 'm500', 'm525', 'm550', 'm575', 'm600', 'm625', 'm650', 'm675', 'm700', 'm725', 'm750', 'm775', 'm800', 'm825', 'm850', 'm875']",0.007483687344725142,0.007208544438008045,0.01072271199664575,0.020519673450624856,0.0915669966827005,0.09101508557777421,0.1296990600000001,0.11416226413130047,0.18026363473363574,0.17985792467110628,0.2674167599999984,0.2217248742475045,0.1141218194295341,0.11041443714488813,0.18051412,0.18862193602690305,0.264256856857154,0.2635365061097149,0.3766305036,0.3403550416411578,0.23775760427632164,0.23798838853908436,0.35750066,0.3711784303675528,3.651923956359835,3.312210099954269,4.318285751616907,0.5814333311556804,0.36584569151368657,0.33971385640556606,0.37237865029071665,0.3135820212974456,0.9407460638923368,0.9342131051153068,1.0387404455477887,0.8688835173450056,2.397595871170053,2.469458417717384,2.6001175932579867,1.345789508068204,0.9080812700071862,0.8819494348990659,1.0387404455477887,0.8100868883517345,1.0387404455477887,1.0322074867707585,1.4372509309466257,0.8166198471287646,0.020251970916761584,0.01892460017642084,0.031363218851972956,0.02853609651829616,0.11383745623792264,0.11321379703920219,0.16670605129754798,0.13402476636313257,0.2577297497344696,0.256923433124326,0.3782983331916284,0.3050397699210964,0.2194554654937241,0.21583022876552796,0.32851387243753016,0.2903768047335411,0.38353518655199986,0.38223510674523575,0.5566563749468477,0.4572682961295747,0.37146503979617834,0.36691417559103534,0.5524670341235279,0.5089430272600359,0.9461484073367176,0.9545952366351929,0.8659092565592595,0.884392496170169,0.8574518147005858,0.8592313971033685,0.7176394502685224,0.7944323039234792,0.9025803912854801,0.9034687864290765,0.7978787470583529,0.8591620429302631,0.9430961630233277,0.9454855846235648,0.8725439252056479,0.8956425777768859,0.808500233534829,0.811862309147863,0.6319337159196176,0.7095215819545595,0.8878954125107562,0.8928269306622596,0.7613257798965591,0.7712228304595677,0.8902446454669477,0.904160497073462,0.7367718181810163,0.7820884462079658,0.7338592493421321,0.7367673688392291,0.42925286313199074,0.6310978979768285,0.813054553821178,0.8142224548900158,0.5972322934432908,0.7381221806453813,0.8869640300780524,0.8906677200703548,0.7467022746707417,0.8020991285711837,0.6501660144918224,0.6525336786417362,0.26307049500678525,0.5027282888804686,0.7838552639893912,0.789118854675209,0.521896957788567,0.5942606703832122,0.0006816914254745538,0.0007764152699387126,0.000893335951982753,0.00010316939851775357,0.00014016530844479012,0.00039030676939595264,-0.00018654326778597444,0.0005265736778658926,0.0013074542426072962,0.002415043292396386,0.002742464199385911,0.0001498543258225521,0.004074120515659248,0.004989679438411028,0.006765398634611613,0.00016581119084074992,0.004215493174599247,0.0039980104817722165,0.008470535788593452,-0.004630296076102515,0.008689702269559502,0.009648407084881397,0.009953773668452345,-0.0032002244894160565,0.00040967762281379153,0.0003575376711659937,0.0009828534476336468,0.0008142981605767238,0.012958946796407262,0.012817211500659433,0.02779087274082994,0.01796236071885405,0.06642291446159584,0.06600381805428585,0.14310210778567944,0.09304923877719645,0.04814410287709101,0.04655779074808204,0.10787559376521665,0.08431866123391002,0.14708146894077226,0.1460876927407294,0.30979456979241965,0.20907285500349207,0.13791076486524279,0.13453292049037352,0.3051207461830046,0.259012763559827,2.057882014764487,2.0186842621023064,2.6458483046971972,1.2739269615208728,1.391520219507415,1.4176520546155353,1.4176520546155353,1.3392565492911739,1.3588554256222642,1.3392565492911739,1.5352453126020773,1.3196576729600835,1.8030966224603122,1.8749591690076437,2.175475272751029,1.6332396942575291,1.2085973737505715,1.221663291304632,1.2935258378519632,1.3000587966289934,1.2673940027438426,1.280459920297903,1.7051022408048604,0.0,7DS+ugriz
2023-10-17 08:58:22.050393,"RandomForestRegressor(max_depth=60, max_features=None, min_samples_leaf=2,
                      min_samples_split=3, n_estimators=750)","['yAperMag3', 'j_1AperMag3', 'hAperMag3', 'kAperMag3', 'm400', 'm425', 'm450', 'm475', 'm500', 'm525', 'm550', 'm575', 'm600', 'm625', 'm650', 'm675', 'm700', 'm725', 'm750', 'm775', 'm800', 'm825', 'm850', 'm875']",0.00789880185549743,0.007977622380392293,0.011672004089080529,0.018180132574623815,0.09440938206702419,0.09484555859555456,0.13425375999999986,0.1258209946985245,0.18957291295965922,0.18988626653778568,0.2785152799999999,0.23017373845446748,0.11846095884607187,0.11877663549777658,0.1816196799999981,0.17914104762129085,0.27443177483002285,0.27703875481898715,0.3829929792000001,0.33715890330926385,0.2416364770098848,0.24624793063929784,0.36370926,0.3285783960518364,3.5604625334814135,3.3318089762853593,4.383615339387208,0.56183445482459,0.280917227412295,0.28745018618932516,0.24171947475011432,0.1175932579865421,0.6598288364800418,0.5749003723786503,0.7251584242503429,0.6402299601489515,2.0774808910955773,1.966420591886065,1.7769647873521917,1.0322074867707585,0.5291696609394394,0.4899719082772588,0.7055595479192527,0.45077415561507805,0.7839550532436141,0.6206310838178611,0.8950153524531261,0.5487685372705298,0.019654779157591826,0.018886155886103626,0.03004391981396038,0.02555006231634668,0.11539793115226138,0.11543183839528859,0.16370961196699166,0.13787261976146956,0.26011788507973427,0.2589378356410888,0.3780911318254673,0.29939713627215114,0.20500839912673596,0.2020661064130852,0.2993574706005371,0.25650740146227136,0.37263233602600165,0.3715265473369707,0.5321894774025399,0.42669773991908966,0.3529769683529901,0.3494135217383244,0.5108742353006828,0.43474129719872323,0.9475017268632703,0.9532101237041763,0.8758058547601444,0.9063077233321409,0.8522620199267633,0.8522273595604676,0.7279913245040945,0.780347127722225,0.9004307809023601,0.9018179520301423,0.7975161404187883,0.8645375852278468,0.9491906257514727,0.9510357860401877,0.8924742928883028,0.9183613305108672,0.8135180303566487,0.8162930549634011,0.6517187145139781,0.7444272737229148,0.8967868169437994,0.9001474768737122,0.7905642980922218,0.8365345748035892,0.8942787783820201,0.9023858052481046,0.7529760713939696,0.8213472262646758,0.7259558295727115,0.7257947617383915,0.4484652503816038,0.6088164551070965,0.8093302987240143,0.811056356951159,0.5971584672473471,0.7473981414307396,0.8999334505749593,0.9027851608208937,0.7866337045090851,0.8433445826681536,0.6599257908174043,0.6619411405979341,0.3063423420341108,0.5540837452815828,0.8020411690637652,0.8060179440886731,0.5853228125798207,0.6997078794654925,0.00013491271266127643,0.00022137613191623452,0.00012014461854053702,-0.00037020628348772975,-0.0016213104337885577,-0.001425991143364971,-0.001186063833540206,-0.0011188315447261188,-0.005828682119423107,-0.0044345377129087335,-0.007154137505716339,-0.0030902547420380197,-0.0024544644998496738,-0.0014326723172986438,-0.004002406271640425,-0.002283406270555923,0.003296852729389543,0.0028433559891361472,0.005929850400013065,-0.004508912957112264,0.006951147754424105,0.00762494042565226,0.006641616675573269,-0.003563869220567669,0.00038629214229366843,0.0003566378767624245,0.0009026226830583168,0.000652668631676865,0.013314053866699344,0.013322475864575066,0.026799430302965742,0.01900760749586529,0.06762734060310457,0.0670291376017643,0.14290172228161216,0.08962909553359437,0.04202241931652606,0.04082865881097552,0.08959887594838813,0.06579083306073044,0.1388439886142757,0.13802389070284943,0.283190476732222,0.18205063095600424,0.12454442173256394,0.12203166945708374,0.26094837322199216,0.1889872943262073,2.293068530737571,2.195074149082119,2.80263931534592,1.4895146011628666,1.234729208858692,1.2477951264127523,1.1824655386424512,1.0518063631018488,1.169399621088391,1.12366890964918,1.3588554256222642,1.1563337035343306,1.8488273338995231,1.8749591690076437,1.8553602926765531,1.4241850133925655,1.012608610439668,1.012608610439668,1.1955314561965114,0.8950153524531261,1.0975370745410595,0.9799438165545176,1.3784543019533546,0.0,7DS+IR
2023-10-17 09:10:03.347953,"RandomForestRegressor(max_depth=60, max_features=None, min_samples_leaf=2,
                      min_samples_split=3, n_estimators=750)","['yAperMag3', 'j_1AperMag3', 'hAperMag3', 'kAperMag3', 'm400', 'm425', 'm450', 'm475', 'm500', 'm525', 'm550', 'm575', 'm600', 'm625', 'm650', 'm675', 'm700', 'm725', 'm750', 'm775', 'm800', 'm825', 'm850', 'm875']",0.00797462399220859,0.008056845245437042,0.011971682492736162,0.01862162599968627,0.09362438136361305,0.09349326171111116,0.13229349999999862,0.12372917854024834,0.18825097719975845,0.18903864965330897,0.27162662000000126,0.22659821928835064,0.1178920481432354,0.11957114373334747,0.1818742399999995,0.18376041072516316,0.26438600602900014,0.267993314885102,0.3737989528000001,0.32802455652816837,0.24408692969158302,0.2476386665586577,0.3557693116,0.3347440015999819,3.4755340693800223,3.240347553406938,4.194159534853335,0.5879662899327105,0.26131835108120466,0.2678513098582348,0.22212059841902396,0.13719213431763244,0.666361795257072,0.666361795257072,0.7447573005814333,0.7186254654733129,2.070947932318547,1.8814921277846737,2.24733781929836,1.1498007447573007,0.666361795257072,0.6271640425948912,0.8950153524531261,0.5095707846083491,0.777422094466584,0.7055595479192527,1.1302018684262103,0.4965048670542889,0.019968102630884096,0.01927408290380822,0.030871073332762483,0.0260075642035387,0.11474021021832408,0.11496495121270281,0.16289509842062855,0.13858122763201758,0.2595313186982992,0.2578473681137721,0.37702247364225594,0.2984089431011344,0.20890720674324326,0.20566425499793836,0.3100284800389417,0.2630636649998474,0.36217090069866764,0.3627234702900491,0.5505576362319525,0.4197598612077391,0.3397543381444895,0.3388505578088827,0.5300612994066138,0.4274013896043514,0.9481393187946067,0.9533386280307526,0.8716695049539785,0.9056993011523932,0.8576985148867288,0.8571691243061349,0.7275435548075907,0.7821432539839942,0.9012782493656296,0.9031697222203121,0.799740669015625,0.8660271159381187,0.9479703843946723,0.9501256096525919,0.8854795801118467,0.9148934402178367,0.8257377793788327,0.8270241111626411,0.6370711841626132,0.7536302823048792,0.9048865527964634,0.9066077734937755,0.7782446846337966,0.841424780778043,0.8939913782339107,0.9012322789024187,0.7466207497827302,0.8201680115387137,0.733785341251233,0.7327414536600967,0.463441948760158,0.6116623558271232,0.8108121599367899,0.8132592589914913,0.6007470358815451,0.749886380531537,0.897170521202271,0.9003382695959611,0.7735282832299473,0.8369455999280204,0.6781921864909612,0.6772094633405379,0.25633890869903486,0.5677138778637372,0.8154346667058741,0.8164152849891273,0.5507663253639177,0.7079266247005807,0.0008097333004854523,0.0009426040833657493,0.0007361352485137517,0.0005279660531778846,-0.003254568173105814,-0.003038377609900124,-0.004683645711112565,-0.000891241444395404,0.0011899832899239355,0.0032972435463578848,-0.0013929894492715818,0.005289876618245858,0.0034598798442826554,0.005310617301907064,0.0005986882472071563,0.005432124588449107,0.002324991572613698,0.0024913118866662634,0.002533699182596197,-0.003258647013465579,0.004824797445349454,0.006258064459440363,0.003986825858496113,-0.0006157688838122071,0.0003980694546596054,0.00037060176932489456,0.0009524812736126945,0.0006761146476478792,0.013154723626951808,0.013207708268838797,0.02651287655231904,0.019203962340684867,0.06735508932504786,0.06647439342819511,0.1421440052117198,0.08901991452809978,0.0436302502607273,0.0422695831277297,0.0961173000076391,0.0691729838656075,0.13116235572707147,0.13156210926433948,0.30310729118176716,0.17618772230078206,0.11540973161761145,0.11478053715661243,0.2809490863482019,0.18267156866441236,2.1297445613118184,2.123211602534788,2.6589142222512576,1.502580518716927,1.221663291304632,1.2608610439668126,1.2477951264127523,1.1432677859802705,1.2020644149735416,1.175932579865421,1.391520219507415,1.234729208858692,1.7834977461292219,1.7116351995818906,2.1166786437577576,1.509113477493957,1.11713595087215,1.1302018684262103,1.2608610439668126,1.1498007447573007,1.2739269615208728,1.169399621088391,1.3523224668452343,0.0,7DS+IR
2023-10-17 09:28:36.918550,"RandomForestRegressor(max_depth=60, max_features=None, min_samples_leaf=2,
                      min_samples_split=3, n_estimators=750)","['fiberMag_u', 'fiberMag_g', 'fiberMag_r', 'fiberMag_i', 'fiberMag_z', 'yAperMag3', 'j_1AperMag3', 'hAperMag3', 'kAperMag3', 'm400', 'm425', 'm450', 'm475', 'm500', 'm525', 'm550', 'm575', 'm600', 'm625', 'm650', 'm675', 'm700', 'm725', 'm750', 'm775', 'm800', 'm825', 'm850', 'm875']",0.008276532839606523,0.008412271756805647,0.01256529378294182,0.016220548332170136,0.09483509385149616,0.09502748660888435,0.131099880000002,0.1161044645578822,0.18226974929332462,0.1826505126622294,0.2677135000000011,0.2085133606186622,0.12055837229100703,0.12138294769601479,0.1868056,0.1733619761453906,0.2597815141335116,0.2631968927007726,0.38048518136,0.3129607163538235,0.2408243379233714,0.2415417336689861,0.36940518800000005,0.3006316146676455,3.0835565427582154,2.7046449336904685,3.7499183380152874,0.777422094466584,0.24825243352714446,0.280917227412295,0.280917227412295,0.20905468086496373,0.7839550532436141,0.8035539295747044,0.8688835173450056,0.8231528059057948,1.9337557980009146,1.7965636636832822,1.9925524269941857,1.1628666623113608,0.6598288364800418,0.6271640425948912,0.8362187234598549,0.5879662899327105,0.7512902593584635,0.6532958777030117,0.9472790226693669,0.6467629189259816,0.019460235699645063,0.01852710441004545,0.0300542568223118,0.023821451841366047,0.11405452935315903,0.11359692274673909,0.16466506605663922,0.132380420499271,0.2528390792432862,0.2515074718289348,0.37111895928168415,0.2839183539963524,0.20550574151030174,0.20179412370851865,0.31376143856024996,0.2504476727326392,0.36766025762752325,0.3653390012664147,0.5431878765407924,0.41391951915617897,0.35168168127323324,0.34542992533749356,0.5274602061183254,0.40782747500597233,0.9484621681345188,0.9548531287185897,0.875653375350393,0.9187283751300582,0.85902620955116,0.8604467292724572,0.7234383697244599,0.803425860619626,0.9056717718175307,0.9072439486070879,0.8057012133571192,0.8785533669283352,0.9500036167570488,0.9524291252597596,0.8846040309229223,0.9235943919267735,0.8213086074384617,0.8256678762285253,0.6470935993355064,0.764529638121066,0.8993065212912101,0.9044288658426037,0.782129981700344,0.8598718970291219,0.8959195349981465,0.9056616817919291,0.7517524230372001,0.8440413434943632,0.7367364357554276,0.7388447162650266,0.4512574605639299,0.6453391947016109,0.8190666648572025,0.820967460590003,0.6101868624692558,0.7718517586094773,0.9010301165457828,0.9045728024918196,0.7692964517394788,0.8530095431009043,0.6721266951412638,0.6762537413005931,0.28432998677338306,0.5844297040234745,0.8060196006928553,0.8128549810145036,0.5636472118042817,0.7391377018328011,0.00031012495462235274,0.0003129682348326405,0.00024560152864702424,-0.00011989560360639565,0.0007304586632440769,0.0007930581329945004,0.0011113984124910116,0.0017882485189027798,-0.0019786964060412564,-0.0012903235542834357,0.004599581230809433,-0.0008207313865089235,-0.0004963926741935431,-0.00023512479717406596,0.0022183251780231355,-0.00015524011643486182,0.006614392952611067,0.0058829120814461325,0.011875487767230677,0.0003684093454517014,0.005984136825966088,0.0062069880595884645,0.01113313350225387,-0.0009549654941107233,0.0003786045959982608,0.0003431556487047114,0.0009031980330306015,0.0005674471928747577,0.013007902096111907,0.0129036319163263,0.02711334877300607,0.01752137789879846,0.06392368475312549,0.0632543434509077,0.13770812579082153,0.08060895813598928,0.042232363388011965,0.04072081307961869,0.09844131936080207,0.06272401267770139,0.1351303148446052,0.13343797719178335,0.2949120420111854,0.17132923261303656,0.12364419504961612,0.1192833066178945,0.27809032237680736,0.16632233741065205,2.0970797674266675,2.084013849872607,2.619716469589077,1.4307179721695955,1.3588554256222642,1.3392565492911739,1.4111190958385054,1.1563337035343306,1.3000587966289934,1.280459920297903,1.5483112301561377,1.3000587966289934,1.8161625400143724,1.8226954987914026,1.9402887567779445,1.502580518716927,1.0256745279937283,1.0191415692166983,1.221663291304632,1.1498007447573007,1.0191415692166983,0.9668778990004573,1.3719213431763246,0.0,7DS+ugriz+IR
2023-10-17 09:43:56.736062,"RandomForestRegressor(max_depth=60, max_features=None, min_samples_leaf=2,
                      min_samples_split=3, n_estimators=750)","['fiberMag_u', 'fiberMag_g', 'fiberMag_r', 'fiberMag_i', 'fiberMag_z', 'yAperMag3', 'j_1AperMag3', 'hAperMag3', 'kAperMag3', 'm400', 'm425', 'm450', 'm475', 'm500', 'm525', 'm550', 'm575', 'm600', 'm625', 'm650', 'm675', 'm700', 'm725', 'm750', 'm775', 'm800', 'm825', 'm850', 'm875']",0.008229112224055235,0.008318598775736577,0.01258322858836734,0.01637478851685444,0.09319791335472673,0.09358029459111669,0.13128635999999916,0.11389947446415498,0.17750844234419624,0.1797572971688894,0.2695361200000002,0.20308961652902618,0.11761181564626291,0.1187778094666627,0.1847062199999977,0.17216437998064307,0.25402699362975845,0.2577109631850857,0.369825804,0.30246973029735363,0.23891619570082961,0.24168897165152142,0.36266178999999993,0.2995895869572555,3.3906056052786306,2.979029202325733,4.115764029528974,0.7055595479192527,0.22865355719605412,0.21558763964199387,0.2351865159730842,0.2351865159730842,0.8819494348990659,0.8100868883517345,0.8166198471287646,0.9407460638923368,2.1297445613118184,1.9794865094401255,1.8814921277846737,1.2608610439668126,0.6402299601489515,0.672894754034102,0.8492846410139152,0.7578232181354936,0.6206310838178611,0.5487685372705298,0.8623505585679755,0.6794277128111321,0.019179406573565125,0.018440233177763662,0.031142585942585437,0.02409705987200197,0.11329445101089007,0.11287207567561339,0.1630889419168785,0.1323746681823538,0.25182128863868725,0.2497156658803369,0.3666617223165671,0.28772717333292086,0.20732766273139544,0.20277341114651914,0.3079386777607747,0.25598799242311737,0.36057058588044527,0.36007007776779465,0.5319799262908594,0.4131072477116023,0.33840881588074745,0.3350120921658066,0.5144927887298177,0.40810447831230195,0.9511676545198389,0.9563708871224137,0.8660532654618553,0.9171502952226579,0.8559627118288976,0.8572466263958316,0.7222448652615139,0.7963336950062812,0.9059674604316859,0.9081918874925257,0.805872875722767,0.8737469192839125,0.9474822697095733,0.9502929946558758,0.885550180156765,0.917805894915394,0.8229722587167737,0.8252138289654471,0.6501705691218612,0.7572977234655459,0.9043748347459826,0.9076231071324521,0.7875986394402982,0.8552161844664988,0.8992759167407889,0.906890110987217,0.7344340836871484,0.8410022035282759,0.7319005074775545,0.7338957954806449,0.4444441263244264,0.6339937662390589,0.8187830915155352,0.8218009393468557,0.6158109510796255,0.7634213269701622,0.8965560343994075,0.9010507123795046,0.7717981615229926,0.842300670621521,0.6747746359428841,0.675676900095741,0.2920634952847515,0.5730967645154733,0.8152187755981251,0.8189095824932401,0.5728965418660454,0.7312693361939855,0.00024407949837026532,0.0002855787446327947,5.668523067877447e-05,-0.0003618385711099047,-0.0011919539686097286,-0.0011127667749578668,-0.0014325822107532533,0.0006231618375839654,-0.0043345421075183625,-0.0032428312815836777,-0.00874524137976089,-0.0019706723342587337,-0.0015678258972478345,-0.0010503433530694892,-0.003254090135232254,4.616638280018054e-05,0.006559220001066505,0.006380166085094199,0.007984384351603842,0.0036434298817503053,0.0060925787078242,0.007019337450705138,0.010407799586986347,-0.002466997717984329,0.00036779006171258844,0.0003399606444309096,0.000969857445975943,0.0005805373673233047,0.012834211875595686,0.012738867217425945,0.0265959506837764,0.01752266444571245,0.06339517315636718,0.06234739783133922,0.13436433936536105,0.0827830427247037,0.042982301655619164,0.04111595304683595,0.094815640158446,0.06552985013348309,0.12996812403514515,0.1296097543844323,0.28293889158295404,0.17064432353055187,0.11448340715049861,0.11218383079906398,0.2645945073627421,0.16654317914081565,2.4237277062781732,2.2081400666361795,2.7046449336904685,1.4503168485006859,1.286992879074933,1.3131247141830535,1.2935258378519632,1.2085973737505715,1.2543280851897824,1.3196576729600835,1.4633827660547463,1.332723590514144,1.9010910041157638,1.8814921277846737,1.8814921277846737,1.6267067354804992,1.006075651662638,1.012608610439668,1.175932579865421,1.1824655386424512,0.9603449402234272,0.9211471875612465,1.332723590514144,0.0,7DS+ugriz+IR
2023-10-17 09:56:47.002559,"RandomForestRegressor(max_depth=60, max_features=None, min_samples_leaf=2,
                      min_samples_split=3, n_estimators=750)","['fiberMag_u', 'fiberMag_g', 'fiberMag_r', 'fiberMag_i', 'fiberMag_z', 'yAperMag3', 'j_1AperMag3', 'hAperMag3', 'kAperMag3', 'fiberMag_u-g', 'fiberMag_g-r', 'fiberMag_i-z', 'fiberMag_r-i', 'z-y(Aper3)', 'y-j(Aper3)', 'j-h(Aper3)', 'h-k(Aper3)']",0.016725136672740337,0.016193167450102887,0.02351721519754404,0.021907011893771818,0.09442899202434006,0.0952515452888754,0.13488572000000013,0.12349033379843079,0.21992498196115143,0.21990454545334087,0.3205902000000013,0.26895851201202814,0.1946234739632893,0.19385118520578898,0.28473276000000014,0.27929113779240755,0.2934684457208785,0.29143478507590154,0.4238302788,0.3566201534806668,0.2898896049418871,0.288035230926506,0.4252741964,0.35546045636379364,0.35277977395962634,0.26131835108120466,0.5357026197164696,0.4246423205069576,0.24171947475011432,0.2351865159730842,0.1502580518716927,0.16985692820278303,0.6206310838178611,0.5944992487097406,0.5879662899327105,0.6532958777030117,0.7512902593584635,0.7120925066962828,0.5683674136016201,0.5226367021624093,0.5357026197164696,0.5161037433853792,0.777422094466584,0.5357026197164696,0.3985104853988371,0.3593127327366564,0.7382243418044032,0.4965048670542889,0.023423353480316905,0.022246001136107932,0.035363517770940676,0.03262111226779438,0.11535743191695694,0.1147757505390054,0.16592408234993408,0.1399015823020038,0.29461148613517857,0.28887702627594297,0.41678389872159055,0.3579222562581183,0.263634502958201,0.2559414242612108,0.3721225522858255,0.35854800139673504,0.3891076564221728,0.38542708065452447,0.5824686186154026,0.45473761282681713,0.3785252601690703,0.37055428723356654,0.5737679970325104,0.47560722139888567,0.9255113118054246,0.9340138207973882,0.8322182190938695,0.8468157690866116,0.8512355498367375,0.8529221061776372,0.717758631412069,0.7712428221032426,0.8701046256432523,0.8758863621549879,0.7556857208545782,0.8008692794430509,0.9144861557655528,0.9199771748196726,0.8359497605872878,0.8354622470981553,0.7947618467318784,0.7998249468209736,0.6058381447894705,0.7052651466932991,0.8792050509266559,0.8851932912033909,0.7453633161847822,0.8019437553274587,0.8540422209607401,0.8683463173766037,0.6673097900638069,0.7169086291927339,0.7241759722241656,0.7269506039083791,0.4293631857286434,0.5943175779152734,0.7568546078869742,0.7662278863892615,0.5133815628041006,0.6411242585233403,0.8359973641841383,0.845429184733403,0.6732479546297464,0.6966521334792747,0.631588775314005,0.6385254282126114,0.17445953636528988,0.49682963349661713,0.7727380223896931,0.7822085968341058,0.47783267708174093,0.6412152885948216,0.000313518719387976,0.00036204599054338567,0.0002456622747762462,-0.0002847256172173466,0.0008109428502540456,0.0006524256221884116,0.00297727872868622,-0.003562460302892681,0.00012494361210237928,-3.705308062936602e-05,0.002667068419677267,0.0004420893007842993,0.0001182416308052163,-0.0003779337179903771,0.00210035633370352,-0.0021445319478130428,-0.00045325196422048297,-0.0012547283446588385,-0.0011277896611354278,-0.008406650508612917,0.003014441483504017,0.0037639072202053283,7.15814100084917e-05,0.004243064606116366,0.0005485551942764674,0.0004947534892484469,0.0012505180391823888,0.0010640558969109454,0.013306679470168977,0.013173047252599513,0.027521936915039423,0.01955976160719466,0.08679591215187234,0.08344993493710107,0.17370170497961382,0.12810814608195223,0.06950313716893443,0.06550586981896192,0.13847078242298838,0.12855207028831792,0.15140456284901263,0.14855246015865042,0.3392684197622156,0.20671562474665833,0.14327228572860493,0.13729631278961424,0.32920970929480053,0.22618422544951697,1.3588554256222642,1.3849872607303848,1.4829816423858366,1.1824655386424512,1.2673940027438426,1.2477951264127523,1.2085973737505715,1.2151303325276017,1.11060299209512,1.12366890964918,1.2673940027438426,1.169399621088391,1.3392565492911739,1.332723590514144,1.3196576729600835,1.1432677859802705,0.9603449402234272,0.9211471875612465,1.221663291304632,0.9276801463382766,0.8950153524531261,0.777422094466584,1.0452734043248186,0.0,ugriz+IR+color
2023-10-17 10:06:10.525314,"RandomForestRegressor(max_depth=60, max_features=None, min_samples_leaf=2,
                      min_samples_split=3, n_estimators=750)","['fiberMag_u', 'fiberMag_g', 'fiberMag_r', 'fiberMag_i', 'fiberMag_z', 'yAperMag3', 'j_1AperMag3', 'hAperMag3', 'kAperMag3', 'fiberMag_u-g', 'fiberMag_g-r', 'fiberMag_i-z', 'fiberMag_r-i', 'z-y(Aper3)', 'y-j(Aper3)', 'j-h(Aper3)', 'h-k(Aper3)']",0.01612559972320001,0.01615376449748952,0.0233645378367258,0.022290670522830992,0.09523455439947312,0.09519919785333698,0.1309400400000007,0.12506219297647547,0.2184528227550213,0.22119874937779663,0.3184264400000012,0.27406635385367095,0.19057251720434407,0.19328378200000762,0.27985985999999924,0.2845514922585032,0.2956363903252009,0.29466148622071137,0.4253709884,0.36123465103733754,0.2919572590602774,0.2907781017334578,0.420784054,0.357370176331956,0.41810936172992746,0.32011498007447575,0.45077415561507805,0.4115764029528974,0.28745018618932516,0.280917227412295,0.2678513098582348,0.16985692820278303,0.6075651662638009,0.56183445482459,0.5487685372705298,0.5291696609394394,0.7970209707976742,0.6990265891422225,0.6598288364800418,0.4899719082772588,0.5291696609394394,0.503037825831319,0.7904880120206441,0.56183445482459,0.48343894950022864,0.45077415561507805,0.7578232181354936,0.6075651662638009,0.023205166102772637,0.022356195518037417,0.034784951291788144,0.031440696141186414,0.11537003976200513,0.11440908584177309,0.16802066946391467,0.14018642376453935,0.28860389610337384,0.2840317937691127,0.4118659732885925,0.3447400805236887,0.25897131529385287,0.25439731875040267,0.3735379033428271,0.33719196610553287,0.39577705030489513,0.39203729113418845,0.5752714639777697,0.4556064258483865,0.38651979978639117,0.3800458109667193,0.5640217716870087,0.46113490167420657,0.9269207937704642,0.9329967853629076,0.8391490912737335,0.8591881438338814,0.8558047930905534,0.8585892130836394,0.7168770154099863,0.7768800435599026,0.8764705237140805,0.8811271857377106,0.7622025851823043,0.8177439632809509,0.9177675184828689,0.9210790175614948,0.8366323590299185,0.855698681467586,0.7905832805165102,0.7955510763381164,0.6154265478300293,0.7092291099401674,0.8751653054414301,0.8800037771706237,0.7561191163981482,0.8165508916672789,0.8572337822280479,0.8674890127932235,0.6791966532471465,0.7379160666745685,0.7314688577483468,0.7359235910633213,0.43044719355795946,0.6035207271747374,0.7677616964076581,0.7750617126370066,0.5270216099877039,0.668630121486051,0.8420189900649028,0.8475502838174535,0.6713217890962624,0.7321719878010831,0.6249268545386578,0.6319816150299521,0.20757089370924475,0.50295645602273,0.7657689701939547,0.773549733665128,0.5012387866080024,0.6666066573794394,0.00035946481677574105,0.00043612308523539785,0.0003936798722806557,0.0002491563512191367,0.00032851242680123665,4.784344262186704e-05,1.3028483700191029e-06,0.00011818030231905951,0.0024995402962996126,0.002098025980491406,0.005060525550401783,-0.0007061775951068409,0.003920410843023556,0.003504237391275473,0.007627515306722413,0.004208919931252374,0.004977391040595459,0.0038816625888491063,0.007749271253282813,0.004021834969345695,0.005571265783640367,0.00605365373199381,0.005787648113346834,0.0076183479446292595,0.0005383505189027685,0.0004996092746952411,0.0012098378525302346,0.0009884552949550617,0.013310138154272084,0.0130894366341552,0.028230945365404655,0.019652219441307146,0.08328596114435417,0.08066965815868496,0.16960797103411332,0.11884522443268353,0.06705077252385006,0.06470571610769957,0.13947238624400096,0.11368070699912715,0.1566146991264725,0.15367817033537876,0.33087720606216936,0.20756104011782073,0.14936651662447994,0.14439817170984445,0.3180870620662683,0.2125873583166747,1.2281962500816619,1.3196576729600835,1.5156464362709872,1.2543280851897824,1.3131247141830535,1.332723590514144,1.221663291304632,1.3000587966289934,1.2151303325276017,1.175932579865421,1.2477951264127523,1.2739269615208728,1.3261906317371137,1.286992879074933,1.4960475599398968,1.4307179721695955,0.9080812700071862,0.8688835173450056,1.1498007447573007,1.0779381982099692,0.7904880120206441,0.7447573005814333,1.0714052394329392,0.0,ugriz+IR+color
2023-10-17 10:27:24.138462,"RandomForestRegressor(max_depth=60, max_features=None, min_samples_leaf=2,
                      min_samples_split=3, n_estimators=750)","['m400', 'm425', 'm450', 'm475', 'm500', 'm525', 'm550', 'm575', 'm600', 'm625', 'm650', 'm675', 'm700', 'm725', 'm750', 'm775', 'm800', 'm825', 'm850', 'm875', 'm400-m425', 'm425-m450', 'm450-m475', 'm475-m500', 'm500-m525', 'm525-m550', 'm550-m575', 'm575-m600', 'm600-m625', 'm625-m650', 'm650-m675', 'm675-m700', 'm700-m725', 'm725-m750', 'm750-m775', 'm775-m800', 'm800-m825', 'm825-m850', 'm850-m875']",0.003911044694686227,0.0036583180178952654,0.005976898054367328,0.02358581345873925,0.08815381165274175,0.08782857305777632,0.12332543999999977,0.12462113232210577,0.16964331099268576,0.16804389373776715,0.24619356000000003,0.23802475911850549,0.09262096124555441,0.08740410576890355,0.16092039999999933,0.2091814264845648,0.24780980365881997,0.24293567483585793,0.34045320599999995,0.37028517996040533,0.19524998921670758,0.19527722424429345,0.30163931799999993,0.42344647146388836,3.9981707715424317,3.5473966159273536,3.2207486770758478,0.48343894950022864,0.4442411968380479,0.40504344417586724,0.4115764029528974,0.22212059841902396,0.8296857646828248,0.7316913830273731,1.0518063631018488,0.7708891356895539,1.8749591690076437,1.8226954987914026,1.6659044881426797,1.221663291304632,0.5683674136016201,0.5095707846083491,1.1498007447573007,0.5422355784934998,0.9407460638923368,0.666361795257072,1.3784543019533546,0.6010322074867708,0.015450718622916691,0.013351860245967694,0.026125814149834795,0.03180882171728609,0.10946689794995806,0.1086962412273544,0.16006487005165204,0.14468554991267626,0.2323504837109801,0.22695589962994225,0.3498203587287786,0.3190307337875974,0.1748063336846382,0.15870935375470327,0.2875640687518131,0.3099571286890358,0.3447321178617036,0.33570060991560213,0.5289873350419726,0.47076562772694214,0.30462760553352014,0.2890499301237711,0.48957911935702997,0.5455099166706757,0.9697491374402175,0.9780661933105358,0.9107888424372046,0.8581324393097403,0.8714227854790609,0.8735783122741022,0.7395755018489625,0.7592027986275978,0.9217171767193443,0.925832880984174,0.8288669547916911,0.8455015565940144,0.9643281904407294,0.9711766502100724,0.9033908803115235,0.8808837103159534,0.8427684161658748,0.8524247692455937,0.671900449154576,0.677036901680781,0.9251059443714912,0.9337560887729167,0.8131305064040637,0.7283373652758629,0.9377626231427153,0.953523066207852,0.8220518082953892,0.7362156189877342,0.7571719362491944,0.7605789634399615,0.48081120979292935,0.5757873912028297,0.8487228270976351,0.8556658194283723,0.6570929615450374,0.7147988427414513,0.9286764997848719,0.9412073052770764,0.8069865562975002,0.775755614640183,0.7093353932909161,0.7243659172472559,0.31558549345486786,0.45795149704548277,0.8534951454979739,0.8680956132008588,0.6215929008541542,0.5301937374247621,0.00036493864402106926,0.00044532928236919243,0.0003499377992421767,0.0008080575892910006,-0.0016162358886685029,-0.0013266873185774377,-0.0038247648134840215,-0.003948842616695844,0.001536710690941616,0.002289425333780485,0.0024338038283138364,0.002337229276980176,0.001185610188918681,0.00243436868652153,0.0035172890180962925,-0.008143981398509309,0.006746363058924963,0.007671720225704448,0.005334462272555041,0.011787579134200686,0.005829244987941708,0.009506573625645645,0.0034808180503691126,-0.011615315916017629,0.00023859152575064473,0.00017807385385811702,0.0006824357085283694,0.0010111481819744803,0.011980389528338709,0.011813112757713944,0.025606133798773783,0.020918314995522103,0.053984385800978765,0.05150373890847745,0.12236835998005664,0.10177514646035966,0.030555848624744995,0.025182732818333622,0.08268072231506066,0.09600709719213225,0.11879471967089268,0.11263604420648578,0.2797991441470709,0.22148132922729682,0.09276399795595651,0.08345948716245716,0.23967559801610525,0.29744615362221866,1.7377670346900111,1.4895146011628666,1.8945580453387338,1.2739269615208728,1.4241850133925655,1.4307179721695955,1.5221793950480174,1.2673940027438426,1.234729208858692,1.1367348272032403,1.4111190958385054,1.3131247141830535,1.5417782713791077,1.620173776703469,1.509113477493957,1.5940419415953484,1.0583393218788788,0.9538119814463971,1.332723590514144,1.1498007447573007,1.0256745279937283,0.8688835173450056,1.4176520546155353,0.0,7DS+color
2023-10-17 10:44:56.757461,"RandomForestRegressor(max_depth=60, max_features=None, min_samples_leaf=2,
                      min_samples_split=3, n_estimators=750)","['m400', 'm425', 'm450', 'm475', 'm500', 'm525', 'm550', 'm575', 'm600', 'm625', 'm650', 'm675', 'm700', 'm725', 'm750', 'm775', 'm800', 'm825', 'm850', 'm875', 'm400-m425', 'm425-m450', 'm450-m475', 'm475-m500', 'm500-m525', 'm525-m550', 'm550-m575', 'm575-m600', 'm600-m625', 'm625-m650', 'm650-m675', 'm675-m700', 'm700-m725', 'm725-m750', 'm750-m775', 'm775-m800', 'm800-m825', 'm825-m850', 'm850-m875']",0.003939759735649122,0.0036499813655885226,0.006067826820969922,0.02362424182797431,0.08514034307568166,0.08635220218221164,0.12206151999999924,0.1218348857595737,0.16921656850995148,0.16656333627109987,0.2507638,0.23778905329261626,0.09274176703466168,0.08813407728888706,0.15883063999999905,0.21857657424461202,0.24504375208549858,0.24431955363829358,0.34837187199999997,0.37470582368428673,0.1942299993131356,0.1947129725376912,0.2995176640000002,0.42359727789077495,3.8021820082315276,3.4428692754948718,3.1031554190893056,0.45077415561507805,0.38544456784477693,0.30704906252041547,0.4377082380610178,0.20252172208793362,0.8166198471287646,0.7186254654733129,1.006075651662638,0.7186254654733129,1.7965636636832822,1.7377670346900111,1.6659044881426797,1.0583393218788788,0.6532958777030117,0.5814333311556804,1.0844711569869996,0.503037825831319,0.8492846410139152,0.6402299601489515,1.3588554256222642,0.5814333311556804,0.015133314084553349,0.013538675834925976,0.0249383096257346,0.03182493796917327,0.10697042083818466,0.10682689648712512,0.1584741942517659,0.14287979269960452,0.22705733883795345,0.22293684713275375,0.3536719905968933,0.31568532740141836,0.1705400864676202,0.15874503145794372,0.2772949011433923,0.3079762047612953,0.3505402838195964,0.3431303402637229,0.5351005519543434,0.46972740645311917,0.30396116405619433,0.2944270314724738,0.48919893537491127,0.550023881933414,0.969587744409946,0.9762287700768648,0.9147173851258037,0.8506910516229724,0.8772829404474044,0.8779192082425542,0.7406329267435402,0.7644145088915459,0.923696115133763,0.9269086454377763,0.8211876218363251,0.8466801316144319,0.9650856550728006,0.9701978301102268,0.9075583727919413,0.8802473963381391,0.8354160837755117,0.8436061868496136,0.660026235766517,0.6762924074743722,0.9240006120907448,0.9295506177244549,0.8099201939498107,0.7257710693246455,0.9375103925146268,0.9499859429881804,0.8303031695908887,0.7236402208573045,0.7661450528538548,0.7667721675759338,0.4867413733036765,0.5827841721393967,0.8522995383809175,0.8576116441351272,0.6416461297910097,0.7144911599770275,0.930384927749511,0.9396814902712115,0.815950734614617,0.7729692697232833,0.6973770642837533,0.7100359119901907,0.2948252228162127,0.45660232970311787,0.8520977264975069,0.8612305035614788,0.6169021997432969,0.5157141882419412,0.00028593457724060693,0.00035718453746786077,7.929254471810283e-05,-0.0002147228309987324,-0.0015105556604938098,-0.000911815783154458,-0.0018196942967269832,-0.008691304340542591,0.0029904663789648484,0.00352272859016633,0.0009523220487358714,-0.028798780327528105,0.002529138704564745,0.0033119160081168182,0.000572296785784287,0.02752815150128074,0.007232483752645845,0.00893456862445211,0.011835764594891229,0.0171162806233967,0.0026164235687032903,0.007160729436020649,0.0035634291529365657,-0.08227256155689393,0.000228935436599279,0.00018316816256940246,0.0006219129996813591,0.001012780570847574,0.011440389155894883,0.011411154405048538,0.02511075895641289,0.02033909639074203,0.05154609223100948,0.04968842819277283,0.1250829700154845,0.09882785618818747,0.029077524549796445,0.02518901622493872,0.07689213467651268,0.09409154357409381,0.12282618175909094,0.11765860389299322,0.2861925153782972,0.22035086931079495,0.09238554358210582,0.08663600081563719,0.2393029003446186,0.2957574963119693,1.6659044881426797,1.4764486836088064,1.7900307049062523,1.2151303325276017,1.4895146011628666,1.4895146011628666,1.554844188933168,1.1432677859802705,1.3196576729600835,1.234729208858692,1.4307179721695955,1.286992879074933,1.554844188933168,1.5287123538250473,1.5679101064872283,1.620173776703469,0.9864767753315475,0.9342131051153068,1.2477951264127523,1.2020644149735416,0.9603449402234272,0.7970209707976742,1.4045861370614752,0.0,7DS+color
2023-10-17 11:10:16.771313,"RandomForestRegressor(max_depth=60, max_features=None, min_samples_leaf=2,
                      min_samples_split=3, n_estimators=750)","['fiberMag_u', 'fiberMag_g', 'fiberMag_r', 'fiberMag_i', 'fiberMag_z', 'fiberMag_u-g', 'fiberMag_g-r', 'fiberMag_i-z', 'fiberMag_r-i', 'yAperMag3', 'j_1AperMag3', 'hAperMag3', 'kAperMag3', 'z-y(Aper3)', 'y-j(Aper3)', 'j-h(Aper3)', 'h-k(Aper3)', 'm400', 'm425', 'm450', 'm475', 'm500', 'm525', 'm550', 'm575', 'm600', 'm625', 'm650', 'm675', 'm700', 'm725', 'm750', 'm775', 'm800', 'm825', 'm850', 'm875', 'm400-m425', 'm425-m450', 'm450-m475', 'm475-m500', 'm500-m525', 'm525-m550', 'm550-m575', 'm575-m600', 'm600-m625', 'm625-m650', 'm650-m675', 'm675-m700', 'm700-m725', 'm725-m750', 'm750-m775', 'm775-m800', 'm800-m825', 'm825-m850', 'm850-m875']",0.0046051232810163665,0.0038286944275685514,0.008021834644010434,0.01648244105774864,0.08658814617161872,0.08529834318665834,0.12614336000000193,0.11515507813928025,0.1603204046081293,0.15683358111553986,0.24377672000000003,0.21202834902259476,0.07993275289179784,0.07112591554577243,0.15191608,0.17416003795696455,0.231137125482423,0.22851813001101312,0.33533240599999997,0.31052472804494025,0.20503333676581523,0.1952570936352178,0.30959265448,0.30480784021152935,4.089632194420853,3.5931273273665645,3.723786502907166,0.6402299601489515,0.32664793885150584,0.28745018618932516,0.3135820212974456,0.22212059841902396,0.666361795257072,0.6794277128111321,0.7970209707976742,0.7708891356895539,2.2342719017443,2.1166786437577576,1.8488273338995231,1.2151303325276017,0.6402299601489515,0.55530149604756,0.8035539295747044,0.6467629189259816,0.5879662899327105,0.48343894950022864,0.9603449402234272,0.6794277128111321,0.014632665241606283,0.011252240348275388,0.024340584156794326,0.023985063122632357,0.1061933404580014,0.10365447100017254,0.15798825498613817,0.13175910354882336,0.22026126743551175,0.21417162399405887,0.32849616715494545,0.28999651523287595,0.16179074351239975,0.14364645475719326,0.25528141976803187,0.2593177263850794,0.34240118177640927,0.3341708637409651,0.49526021455823543,0.41690171613824006,0.3120758938008504,0.29703116600153895,0.46502445770864637,0.41827646960459675,0.9728962018846227,0.9848914606117934,0.9212716771330767,0.9204146466668736,0.875556014062643,0.8822009703991739,0.7410153424450753,0.7984276939431096,0.9284718321546309,0.9329052043375403,0.8432008679149929,0.8710351240235719,0.9688934421837678,0.9759526651979511,0.9215207639824622,0.9165708592561707,0.8467589621280891,0.8556160761508881,0.7074585005684838,0.7613344406826114,0.9219104763909948,0.930330908722159,0.8317072695019948,0.8540834096460455,0.9430887841769116,0.966346596727857,0.8425245046897896,0.8470911151777698,0.7644803226563568,0.775607306266979,0.47870658675185274,0.6374283059809485,0.8607106297441676,0.8683061280383788,0.6901850858986198,0.7585499690392195,0.9376011099972931,0.9508119793812312,0.8446511882679717,0.8396998484490701,0.7164363335004642,0.7299045702050333,0.4067374198533523,0.579614779604395,0.8486734231468541,0.8629122015022667,0.6639945266024669,0.7281548247207795,0.00034205149071808114,0.00029621876229684804,0.00019275874854641665,0.0004598428174951705,-0.0019816170718844886,-0.0015516324862828964,-0.0019044199451231465,-0.001603117330935626,-0.0049380333037231045,-0.0048113371937538695,-0.007974486346116158,-0.005957487790317745,-0.0009345348239495337,-0.00041940185762086627,-0.003165094865094394,-0.012083691705819716,0.0030673144673461733,0.0025816199654793894,0.002116113418827987,-0.002257344086968137,0.003339809407385293,0.004789390433468751,0.0016328410746063895,-0.028714516845817793,0.00021399789285061024,0.00012652516730021993,0.0005924268811588456,0.0005750717975798566,0.011273098751409413,0.010741841794953124,0.024956661898237628,0.017357891382812813,0.048490641759389344,0.045846335558660536,0.10784613940300546,0.08406248718643985,0.026175371330957944,0.020634128066392195,0.06515858545327705,0.06709966761228557,0.11722916086384007,0.11166350141173649,0.24527820218826807,0.17380194531668275,0.09738020916472197,0.08820457531550957,0.2162450800972457,0.17413068154719635,2.012151303325276,1.7769647873521917,2.286535571960541,1.4111190958385054,1.4111190958385054,1.3261906317371137,1.3653883843992944,1.2085973737505715,1.2477951264127523,1.2281962500816619,1.4633827660547463,1.2673940027438426,1.6528385705886197,1.5287123538250473,1.8161625400143724,1.5679101064872283,0.8492846410139152,0.7904880120206441,1.0518063631018488,0.9864767753315475,0.7251584242503429,0.5749003723786503,1.0844711569869996,0.0,ugriz+IR+7DS+color
2023-10-17 11:32:42.415288,"RandomForestRegressor(max_depth=60, max_features=None, min_samples_leaf=2,
                      min_samples_split=3, n_estimators=750)","['fiberMag_u', 'fiberMag_g', 'fiberMag_r', 'fiberMag_i', 'fiberMag_z', 'fiberMag_u-g', 'fiberMag_g-r', 'fiberMag_i-z', 'fiberMag_r-i', 'yAperMag3', 'j_1AperMag3', 'hAperMag3', 'kAperMag3', 'z-y(Aper3)', 'y-j(Aper3)', 'j-h(Aper3)', 'h-k(Aper3)', 'm400', 'm425', 'm450', 'm475', 'm500', 'm525', 'm550', 'm575', 'm600', 'm625', 'm650', 'm675', 'm700', 'm725', 'm750', 'm775', 'm800', 'm825', 'm850', 'm875', 'm400-m425', 'm425-m450', 'm450-m475', 'm475-m500', 'm500-m525', 'm525-m550', 'm550-m575', 'm575-m600', 'm600-m625', 'm625-m650', 'm650-m675', 'm675-m700', 'm700-m725', 'm725-m750', 'm750-m775', 'm775-m800', 'm800-m825', 'm825-m850', 'm850-m875']",0.004676448272283403,0.003907501413022844,0.007972246784579461,0.016582670462903962,0.08735672385367976,0.08616280822667548,0.12496675999999915,0.11533698416281844,0.15996652293223945,0.1555250596711167,0.24189933999999985,0.20860955877530585,0.08101001394531636,0.07087727811110539,0.15127375999999962,0.17720451512000593,0.2337866285328944,0.22873071731066613,0.33217745596,0.3171949187829023,0.20341838925843111,0.19629933173490702,0.3119725892,0.30313918999580347,3.9263082249951,3.3710067289475405,3.9916378127654015,0.6794277128111321,0.3593127327366564,0.36584569151368657,0.35277977395962634,0.24825243352714446,0.7904880120206441,0.7970209707976742,0.8884823936760958,0.8819494348990659,2.1493434376429086,2.0382831384333966,1.718168158358921,1.2412621676357223,0.5814333311556804,0.5487685372705298,0.9276801463382766,0.5879662899327105,0.5814333311556804,0.43117527928398774,1.0256745279937283,0.6336970013719213,0.01479225213956582,0.011399481692338257,0.025407123770912917,0.023713242876902855,0.10725639957920163,0.10478999342676623,0.15852880592063712,0.13343779494980745,0.23635598507122021,0.22249786162446145,0.3428551281395957,0.2889968814091891,0.16568835263150603,0.14620440002703172,0.259114297111429,0.2590569971702727,0.3322600807674294,0.3228220348568425,0.5013325911719558,0.41003806133114307,0.2970856444469076,0.2799670366356507,0.46403744792812557,0.41246444717647734,0.970455015169118,0.9834609106784269,0.9115669022561296,0.9190743615401362,0.8745626998230932,0.8811206553323981,0.7411601626613902,0.7957361877083177,0.9198464085011743,0.9300645820395365,0.8348100584526735,0.8765185843287554,0.9679534363474709,0.9755928171073452,0.9206120230192046,0.918072940193099,0.854150478491209,0.8641606639168439,0.7004571435113242,0.766212538673981,0.9269096840609868,0.9361634196281414,0.8302316143657182,0.8527273863342868,0.9395399450258595,0.9640937420320304,0.8216344643540757,0.8446247520071015,0.7628340445910704,0.7736160961191585,0.48188961728221813,0.6329175412773951,0.8448829651600626,0.8625394842642535,0.6736019274730719,0.7680936723552407,0.9357066238933971,0.9499385807797783,0.8427592795711296,0.8428288155860532,0.7287833893331486,0.7439726900493899,0.38253573412055153,0.5869446089699015,0.8581890748742206,0.8740610239866669,0.6540188672922294,0.7266497994005546,-3.405487152963013e-05,0.0001344454044269063,-7.239880832298948e-05,0.00034286254931157066,-0.0018301973932939167,-0.0016124054422351308,-0.0013889118050565091,0.0008233116698349946,-0.0023630114354252444,-0.0015337254621677978,-0.000199078212582479,-0.00781741515478942,-0.0012302849006807456,2.359324085974542e-05,0.0006058283530410883,-0.0006607503159655635,0.0008292243416662662,0.0012276893958671773,0.00043893186065198744,0.006884678690347764,0.00038344309747231415,0.0034153013376517416,0.00022695351368654898,1.4081325273749798e-05,0.00021880956362621467,0.00012993010728718356,0.0006455166967230416,0.0005622003330112635,0.011500585628194945,0.01097834287107156,0.025129453230620803,0.017804967278961168,0.05585856785594292,0.049502946113664695,0.11754959925948387,0.08345808548453461,0.02745111659680545,0.021375726030623297,0.06713985193955659,0.06711009119189863,0.11039607365856992,0.10421255896785972,0.25133417431000915,0.1680838129395329,0.08825973310782538,0.07836987731932082,0.21533070157175044,0.17012691998631338,1.8945580453387338,1.8226954987914026,2.3126674070686613,1.3653883843992944,1.3588554256222642,1.391520219507415,1.3392565492911739,1.2543280851897824,1.11713595087215,1.12366890964918,1.2543280851897824,1.3784543019533546,1.6267067354804992,1.5156464362709872,1.6071078591494088,1.5744430652642583,0.9276801463382766,0.9211471875612465,1.1498007447573007,1.0844711569869996,0.7970209707976742,0.5879662899327105,1.1498007447573007,0.0,ugriz+IR+7DS+color
